<?xml version="1.0"?>
<pagescount>
	<html_total>24</html_total>
	<html_done>24</html_done>
	<images>47</images>
	<script>15</script>
	<css>10</css>
	<pdf/>
	<documents/>
	<excel/>
	<powerpoint/>
	<flash/>
	<audios/>
	<videos/>
	<xml/>
	<json/>
	<txt/>
	<autocad/>
	<fonts>7</fonts>
	<scraping_reload>1</scraping_reload>
	<is_pretty_url>false</is_pretty_url>
	<is_ebn>false</is_ebn>
	<email>huntergabriel75@protonmail.com</email>
	<theme_name>WmdTheme638458</theme_name>
	<server_url_front_page>https://www6.waybackmachinedownloader.com/wdo/files/demo/duruthemes.com_huntergabriel75_protonmail.com_etvizl7x0r/</server_url_front_page>
	<no_www_url>duruthemes.com</no_www_url>
	<hosted_domain/>
	<original_archive_url>https://duruthemes.com/demo/html/norc/index.html</original_archive_url>
	<final_archive_url>https://duruthemes.com/demo/html/norc/index.html</final_archive_url>
	<front_page_code_date/>
	<total_urls_from_api/>
	<max_reached_live>false</max_reached_live>
	<scrape_other_captures>false</scrape_other_captures>
	<total_size>7468</total_size>
</pagescount>
